board,qualification,subject,spec_slug,series,paper_ref,variant,material_type,source_page_url,source_file_url,expected_identity,status
pearson-edexcel,gce-a-level,mathematics,mathematics-modular,2008-06,6684/01,none,qp,,,Pearson Edexcel mathematics (mathematics-modular) 6684/01 2008 question paper,planned
pearson-edexcel,gce-a-level,mathematics,mathematics-modular,2009-06,6664/01,none,ms,,,Pearson Edexcel mathematics (mathematics-modular) 6664/01 2009 mark scheme,planned
pearson-edexcel,gce-a-level,mathematics,mathematics-modular,2009-06,6684/01,none,ms,,,Pearson Edexcel mathematics (mathematics-modular) 6684/01 2009 mark scheme,planned
pearson-edexcel,gce-a-level,mathematics,mathematics-modular,2013-06,6663/01R,none,qp,,,Pearson Edexcel mathematics (mathematics-modular) 6663/01R 2013 question paper,planned
pearson-edexcel,gce-a-level,mathematics,mathematics-modular,2013-06,6665/01R,none,qp,,,Pearson Edexcel mathematics (mathematics-modular) 6665/01R 2013 question paper,planned
pearson-edexcel,gce-a-level,mathematics,mathematics-modular,2013-06,6666/01R,none,qp,,,Pearson Edexcel mathematics (mathematics-modular) 6666/01R 2013 question paper,planned
pearson-edexcel,gce-a-level,mathematics,mathematics-modular,2016-06,6678/01,none,qp,,,Pearson Edexcel mathematics (mathematics-modular) 6678/01 2016 question paper,planned
pearson-edexcel,gce-a-level,mathematics,mathematics-modular,2016-06,6684/01,none,qp,,,Pearson Edexcel mathematics (mathematics-modular) 6684/01 2016 question paper,planned
pearson-edexcel,gce-a-level,mathematics,mathematics-modular,2017-06,6678/01,none,qp,,,Pearson Edexcel mathematics (mathematics-modular) 6678/01 2017 question paper,planned
pearson-edexcel,gce-a-level,mathematics,mathematics-modular,2017-06,6684/01,none,qp,,,Pearson Edexcel mathematics (mathematics-modular) 6684/01 2017 question paper,planned
pearson-edexcel,gce-a-level,mathematics,mathematics-modular,2018-06,6678/01,none,qp,,,Pearson Edexcel mathematics (mathematics-modular) 6678/01 2018 question paper,planned
pearson-edexcel,gce-a-level,mathematics,mathematics-modular,2018-06,6684/01,none,qp,,,Pearson Edexcel mathematics (mathematics-modular) 6684/01 2018 question paper,planned
pearson-edexcel,gce-a-level,physics,physics-2008,2011-01,6PH01/01,none,ms,,,Pearson Edexcel physics (physics-2008) 6PH01/01 2011 mark scheme,planned
pearson-edexcel,gce-a-level,physics,physics-2008,2011-01,6PH01/01R,none,qp,,,Pearson Edexcel physics (physics-2008) 6PH01/01R 2011 question paper,planned
pearson-edexcel,gce-a-level,physics,physics-2008,2011-01,6PH02/01,none,ms,,,Pearson Edexcel physics (physics-2008) 6PH02/01 2011 mark scheme,planned
pearson-edexcel,gce-a-level,physics,physics-2008,2011-01,6PH02/01R,none,qp,,,Pearson Edexcel physics (physics-2008) 6PH02/01R 2011 question paper,planned
pearson-edexcel,gce-a-level,physics,physics-2008,2011-01,6PH04/01,none,ms,,,Pearson Edexcel physics (physics-2008) 6PH04/01 2011 mark scheme,planned
pearson-edexcel,gce-a-level,physics,physics-2008,2011-01,6PH04/01R,none,qp,,,Pearson Edexcel physics (physics-2008) 6PH04/01R 2011 question paper,planned
pearson-edexcel,gce-a-level,physics,physics-2008,2013-06,6PH01/01R,none,ms,,,Pearson Edexcel physics (physics-2008) 6PH01/01R 2013 mark scheme,planned
pearson-edexcel,gce-a-level,physics,physics-2008,2013-06,6PH02/01R,none,ms,,,Pearson Edexcel physics (physics-2008) 6PH02/01R 2013 mark scheme,planned
pearson-edexcel,gce-a-level,physics,physics-2008,2013-06,6PH04/01R,none,ms,,,Pearson Edexcel physics (physics-2008) 6PH04/01R 2013 mark scheme,planned
pearson-edexcel,gce-a-level,physics,physics-2008,2013-06,6PH05/01R,none,ms,,,Pearson Edexcel physics (physics-2008) 6PH05/01R 2013 mark scheme,planned
pearson-edexcel,gce-a-level,physics,physics-2008,2014-06,6PH01/01R,none,ms,,,Pearson Edexcel physics (physics-2008) 6PH01/01R 2014 mark scheme,planned
pearson-edexcel,gce-a-level,physics,physics-2008,2014-06,6PH02/01R,none,ms,,,Pearson Edexcel physics (physics-2008) 6PH02/01R 2014 mark scheme,planned
pearson-edexcel,gce-a-level,physics,physics-2008,2014-06,6PH04/01R,none,ms,,,Pearson Edexcel physics (physics-2008) 6PH04/01R 2014 mark scheme,planned
pearson-edexcel,gce-a-level,physics,physics-2008,2014-06,6PH05/01R,none,ms,,,Pearson Edexcel physics (physics-2008) 6PH05/01R 2014 mark scheme,planned
pearson-edexcel,international-a-level,mathematics,mathematics-2018,2019-06,WME01/01,none,qp,,,Pearson Edexcel mathematics (mathematics-2018) WME01/01 2019 question paper,na:pmt-not-listed
pearson-edexcel,international-a-level,mathematics,mathematics-2018,2020-01,WME01/01,none,qp,,,Pearson Edexcel mathematics (mathematics-2018) WME01/01 2020 question paper,na:pmt-byte-duplicate
pearson-edexcel,international-a-level,mathematics,mathematics-2018,2020-01,WME01/01A,none,ms,,,Pearson Edexcel mathematics (mathematics-2018) WME01/01A 2020 mark scheme,na:pmt-byte-duplicate
pearson-edexcel,international-a-level,mathematics,mathematics-2018,2020-06,WME01/01A,none,ms,,,Pearson Edexcel mathematics (mathematics-2018) WME01/01A 2020 mark scheme,na:pmt-mislabeled
pearson-edexcel,international-a-level,mathematics,mathematics-2018,2020-06,WME02/01A,none,ms,,,Pearson Edexcel mathematics (mathematics-2018) WME02/01A 2020 mark scheme,na:pmt-mislabeled
pearson-edexcel,international-a-level,mathematics,mathematics-2018,2020-06,WST01/01A,none,ms,,,Pearson Edexcel mathematics (mathematics-2018) WST01/01A 2020 mark scheme,na:pmt-mislabeled
pearson-edexcel,international-a-level,mathematics,mathematics-2018,2020-10,WMA13/01,none,qp,,,Pearson Edexcel mathematics (mathematics-2018) WMA13/01 2020 question paper,na:pmt-not-listed
pearson-edexcel,international-a-level,mathematics,mathematics-2018,2020-10,WMA13/01A,none,ms,,,Pearson Edexcel mathematics (mathematics-2018) WMA13/01A 2020 mark scheme,na:pmt-byte-duplicate
pearson-edexcel,international-a-level,mathematics,mathematics-2018,2020-10,WMA14/01,none,qp,,,Pearson Edexcel mathematics (mathematics-2018) WMA14/01 2020 question paper,na:pmt-not-listed
pearson-edexcel,international-a-level,mathematics,mathematics-2018,2020-10,WMA14/01A,none,ms,,,Pearson Edexcel mathematics (mathematics-2018) WMA14/01A 2020 mark scheme,na:pmt-byte-duplicate
pearson-edexcel,international-a-level,mathematics,mathematics-2018,2020-10,WME01/01,none,qp,,,Pearson Edexcel mathematics (mathematics-2018) WME01/01 2020 question paper,na:pmt-not-listed
pearson-edexcel,international-a-level,mathematics,mathematics-2018,2020-10,WME02/01,none,qp,,,Pearson Edexcel mathematics (mathematics-2018) WME02/01 2020 question paper,na:pmt-not-listed
pearson-edexcel,international-a-level,mathematics,mathematics-2018,2020-10,WST01/01,none,qp,,,Pearson Edexcel mathematics (mathematics-2018) WST01/01 2020 question paper,na:pmt-not-listed
pearson-edexcel,international-a-level,mathematics,mathematics-2018,2020-10,WST02/01,none,qp,,,Pearson Edexcel mathematics (mathematics-2018) WST02/01 2020 question paper,na:pmt-not-listed
pearson-edexcel,international-a-level,mathematics,mathematics-2018,2020-10,WST02/01A,none,ms,,,Pearson Edexcel mathematics (mathematics-2018) WST02/01A 2020 mark scheme,na:pmt-mislabeled
pearson-edexcel,international-a-level,mathematics,mathematics-2018,2021-01,WME02/01,none,qp,,,Pearson Edexcel mathematics (mathematics-2018) WME02/01 2021 question paper,na:pmt-byte-duplicate
pearson-edexcel,international-a-level,mathematics,mathematics-2018,2021-01,WME02/01A,none,ms,,,Pearson Edexcel mathematics (mathematics-2018) WME02/01A 2021 mark scheme,na:pmt-mislabeled
pearson-edexcel,international-a-level,mathematics,mathematics-2018,2021-01,WST01/01,none,qp,,,Pearson Edexcel mathematics (mathematics-2018) WST01/01 2021 question paper,na:pmt-byte-duplicate
pearson-edexcel,international-a-level,mathematics,mathematics-2018,2021-01,WST01/01A,none,ms,,,Pearson Edexcel mathematics (mathematics-2018) WST01/01A 2021 mark scheme,na:pmt-mislabeled
pearson-edexcel,international-a-level,mathematics,mathematics-2018,2021-01,WST02/01,none,qp,,,Pearson Edexcel mathematics (mathematics-2018) WST02/01 2021 question paper,na:pmt-byte-duplicate
pearson-edexcel,international-a-level,mathematics,mathematics-2018,2021-01,WST02/01A,none,ms,,,Pearson Edexcel mathematics (mathematics-2018) WST02/01A 2021 mark scheme,na:pmt-mislabeled
pearson-edexcel,international-a-level,mathematics,wma01,2014-06,WME02/01,none,qp,,https://pmt.physicsandmathstutor.com/download/Maths/A-level/Papers/Edexcel-IAL/Mechanics/M2/QP/June 2014 QP.pdf,Pearson Edexcel mathematics (wma01) WME02/01 2014 question paper,normalized
pearson-edexcel,international-a-level,mathematics,wma01,2014-06,WST02/01,none,qp,,https://pmt.physicsandmathstutor.com/download/Maths/A-level/Papers/Edexcel-IAL/Statistics/S2/QP/June 2014 QP.pdf,Pearson Edexcel mathematics (wma01) WST02/01 2014 question paper,normalized
pearson-edexcel,international-a-level,mathematics,wma01,2015-06,WME02/01,none,qp,,https://pmt.physicsandmathstutor.com/download/Maths/A-level/Papers/Edexcel-IAL/Mechanics/M2/QP/June 2015 QP.pdf,Pearson Edexcel mathematics (wma01) WME02/01 2015 question paper,normalized
pearson-edexcel,international-a-level,mathematics,wma01,2015-06,WST02/01,none,qp,,https://pmt.physicsandmathstutor.com/download/Maths/A-level/Papers/Edexcel-IAL/Statistics/S2/QP/June 2015 QP.pdf,Pearson Edexcel mathematics (wma01) WST02/01 2015 question paper,normalized
pearson-edexcel,international-a-level,mathematics,wma01,2016-06,WME02/01,none,qp,,https://pmt.physicsandmathstutor.com/download/Maths/A-level/Papers/Edexcel-IAL/Mechanics/M2/QP/June 2016 QP.pdf,Pearson Edexcel mathematics (wma01) WME02/01 2016 question paper,normalized
pearson-edexcel,international-a-level,mathematics,wma01,2016-06,WST02/01,none,qp,,https://pmt.physicsandmathstutor.com/download/Maths/A-level/Papers/Edexcel-IAL/Statistics/S2/QP/June 2016 QP.pdf,Pearson Edexcel mathematics (wma01) WST02/01 2016 question paper,normalized
pearson-edexcel,international-a-level,mathematics,wma01,2017-06,WME02/01,none,qp,,https://pmt.physicsandmathstutor.com/download/Maths/A-level/Papers/Edexcel-IAL/Mechanics/M2/QP/June 2017 QP.pdf,Pearson Edexcel mathematics (wma01) WME02/01 2017 question paper,normalized
pearson-edexcel,international-a-level,mathematics,wma01,2017-06,WST02/01,none,qp,,https://pmt.physicsandmathstutor.com/download/Maths/A-level/Papers/Edexcel-IAL/Statistics/S2/QP/June 2017 QP.pdf,Pearson Edexcel mathematics (wma01) WST02/01 2017 question paper,normalized
pearson-edexcel,international-a-level,mathematics,wma01,2018-06,WME02/01,none,qp,,https://pmt.physicsandmathstutor.com/download/Maths/A-level/Papers/Edexcel-IAL/Mechanics/M2/QP/June 2018 QP.pdf,Pearson Edexcel mathematics (wma01) WME02/01 2018 question paper,normalized
pearson-edexcel,international-a-level,mathematics,wma01,2018-06,WST02/01,none,qp,,https://pmt.physicsandmathstutor.com/download/Maths/A-level/Papers/Edexcel-IAL/Statistics/S2/QP/June 2018 QP.pdf,Pearson Edexcel mathematics (wma01) WST02/01 2018 question paper,normalized
pearson-edexcel,international-a-level,physics,wph04,2019-06,WPH04/01,none,qp,,,Pearson Edexcel physics (wph04) WPH04/01 2019 question paper,na:pmt-byte-duplicate
pearson-edexcel,international-a-level,physics,wph04,2019-06,WPH04/01A,none,ms,,,Pearson Edexcel physics (wph04) WPH04/01A 2019 mark scheme,na:pmt-mislabeled
pearson-edexcel,international-a-level,physics,wph11,2019-10,WPH11/01,none,qp,,,Pearson Edexcel physics (wph11) WPH11/01 2019 question paper,na:pmt-byte-duplicate
pearson-edexcel,international-a-level,physics,wph11,2019-10,WPH11/01A,none,ms,,,Pearson Edexcel physics (wph11) WPH11/01A 2019 mark scheme,na:pmt-mislabeled
pearson-edexcel,international-a-level,physics,wph13,2019-06,WPH13/01,none,qp,,,Pearson Edexcel physics (wph13) WPH13/01 2019 question paper,na:pmt-byte-duplicate
pearson-edexcel,international-a-level,physics,wph13,2019-06,WPH13/01A,none,ms,,,Pearson Edexcel physics (wph13) WPH13/01A 2019 mark scheme,na:pmt-mislabeled
pearson-edexcel,international-a-level,physics,wph13,2020-10,WPH13/01,none,qp,,,Pearson Edexcel physics (wph13) WPH13/01 2020 question paper,na:pmt-byte-duplicate
pearson-edexcel,international-a-level,physics,wph13,2020-10,WPH13/01A,none,ms,,,Pearson Edexcel physics (wph13) WPH13/01A 2020 mark scheme,na:pmt-mislabeled
pearson-edexcel,international-a-level,physics,wph13,2021-01,WPH13/01,none,qp,,,Pearson Edexcel physics (wph13) WPH13/01 2021 question paper,na:pmt-byte-duplicate
pearson-edexcel,international-a-level,physics,wph13,2021-01,WPH13/01A,none,ms,,,Pearson Edexcel physics (wph13) WPH13/01A 2021 mark scheme,na:pmt-mislabeled
pearson-edexcel,international-a-level,physics,wph14,2020-10,WPH14/01,none,qp,,,Pearson Edexcel physics (wph14) WPH14/01 2020 question paper,na:pmt-byte-duplicate
pearson-edexcel,international-a-level,physics,wph14,2020-10,WPH14/01A,none,ms,,,Pearson Edexcel physics (wph14) WPH14/01A 2020 mark scheme,na:pmt-mislabeled
pearson-edexcel,international-a-level,physics,wph14,2021-01,WPH14/01,none,qp,,,Pearson Edexcel physics (wph14) WPH14/01 2021 question paper,na:pmt-byte-duplicate
pearson-edexcel,international-a-level,physics,wph14,2021-01,WPH14/01A,none,ms,,,Pearson Edexcel physics (wph14) WPH14/01A 2021 mark scheme,na:pmt-mislabeled
pearson-edexcel,international-a-level,physics,wph15,2020-10,WPH15/01,none,qp,,,Pearson Edexcel physics (wph15) WPH15/01 2020 question paper,na:pmt-unresolved
pearson-edexcel,international-a-level,physics,wph15,2020-10,WPH15/01A,none,ms,,,Pearson Edexcel physics (wph15) WPH15/01A 2020 mark scheme,na:pmt-mislabeled
pearson-edexcel,international-a-level,physics,wph15,2021-01,WPH15/01,none,qp,,,Pearson Edexcel physics (wph15) WPH15/01 2021 question paper,na:pmt-byte-duplicate
pearson-edexcel,international-a-level,physics,wph15,2021-01,WPH15/01A,none,ms,,,Pearson Edexcel physics (wph15) WPH15/01A 2021 mark scheme,na:pmt-mislabeled
pearson-edexcel,international-a-level,physics,wph16,2020-10,WPH16/01,none,qp,,,Pearson Edexcel physics (wph16) WPH16/01 2020 question paper,na:pmt-unresolved
pearson-edexcel,international-a-level,physics,wph16,2020-10,WPH16/01A,none,ms,,,Pearson Edexcel physics (wph16) WPH16/01A 2020 mark scheme,na:pmt-mislabeled
pearson-edexcel,international-gcse,chemistry,4ch0,2016-01,4CH0/1C,none,qp,,,Pearson Edexcel chemistry (4ch0) 4CH0/1C 2016 question paper,na:pmt-unresolved
pearson-edexcel,international-gcse,chemistry,4ch1,2019-06,4CH1/1CR,none,qp,,,Pearson Edexcel chemistry (4ch1) 4CH1/1CR 2019 question paper,na:pmt-byte-duplicate
pearson-edexcel,international-gcse,chemistry,4ch1,2019-06,4CH1/2CR,none,qp,,,Pearson Edexcel chemistry (4ch1) 4CH1/2CR 2019 question paper,na:pmt-byte-duplicate
pearson-edexcel,international-gcse,chemistry,4ch1,2020-01,4CH1/1CR,none,qp,,,Pearson Edexcel chemistry (4ch1) 4CH1/1CR 2020 question paper,na:pmt-byte-duplicate
pearson-edexcel,international-gcse,chemistry,4ch1,2020-01,4CH1/2CR,none,qp,,,Pearson Edexcel chemistry (4ch1) 4CH1/2CR 2020 question paper,na:pmt-byte-duplicate
pearson-edexcel,international-gcse,chemistry,4ch1,2020-06,4CH1/1C,none,ms,,,Pearson Edexcel chemistry (4ch1) 4CH1/1C 2020 mark scheme,na:pmt-mislabeled
pearson-edexcel,international-gcse,chemistry,4ch1,2020-06,4CH1/2C,none,ms,,,Pearson Edexcel chemistry (4ch1) 4CH1/2C 2020 mark scheme,na:pmt-mislabeled
pearson-edexcel,international-gcse,chemistry,4ch1,2020-11,4CH1/1C,none,qp,,,Pearson Edexcel chemistry (4ch1) 4CH1/1C 2020 question paper,na:pmt-not-listed
pearson-edexcel,international-gcse,chemistry,4ch1,2020-11,4CH1/1CR,none,qp,,,Pearson Edexcel chemistry (4ch1) 4CH1/1CR 2020 question paper,na:pmt-not-listed
pearson-edexcel,international-gcse,chemistry,4ch1,2020-11,4CH1/2C,none,qp,,,Pearson Edexcel chemistry (4ch1) 4CH1/2C 2020 question paper,na:pmt-not-listed
pearson-edexcel,international-gcse,chemistry,4ch1,2020-11,4CH1/2CR,none,qp,,,Pearson Edexcel chemistry (4ch1) 4CH1/2CR 2020 question paper,na:pmt-not-listed
pearson-edexcel,international-gcse,chemistry,4ch1,2021-01,4CH1/1CR,none,qp,,,Pearson Edexcel chemistry (4ch1) 4CH1/1CR 2021 question paper,na:pmt-byte-duplicate
pearson-edexcel,international-gcse,chemistry,4ch1,2021-01,4CH1/2CR,none,qp,,,Pearson Edexcel chemistry (4ch1) 4CH1/2CR 2021 question paper,na:pmt-byte-duplicate
pearson-edexcel,international-gcse,chemistry,4ch1,2022-01,4CH1/1CR,none,qp,,,Pearson Edexcel chemistry (4ch1) 4CH1/1CR 2022 question paper,na:pmt-byte-duplicate
pearson-edexcel,international-gcse,chemistry,4ch1,2022-01,4CH1/2CR,none,qp,,,Pearson Edexcel chemistry (4ch1) 4CH1/2CR 2022 question paper,na:pmt-byte-duplicate
pearson-edexcel,international-gcse,chemistry,4ch1,2022-06,4CH1/1CR,none,qp,,,Pearson Edexcel chemistry (4ch1) 4CH1/1CR 2022 question paper,na:pmt-byte-duplicate
pearson-edexcel,international-gcse,chemistry,4ch1,2022-06,4CH1/2CR,none,qp,,,Pearson Edexcel chemistry (4ch1) 4CH1/2CR 2022 question paper,na:pmt-byte-duplicate
pearson-edexcel,international-gcse,chemistry,4ch1,2023-01,4CH1/1CR,none,qp,,,Pearson Edexcel chemistry (4ch1) 4CH1/1CR 2023 question paper,na:pmt-byte-duplicate
pearson-edexcel,international-gcse,chemistry,4ch1,2023-01,4CH1/2CR,none,qp,,,Pearson Edexcel chemistry (4ch1) 4CH1/2CR 2023 question paper,na:pmt-byte-duplicate
pearson-edexcel,international-gcse,chemistry,4ch1,2023-06,4CH1/1CR,none,qp,,,Pearson Edexcel chemistry (4ch1) 4CH1/1CR 2023 question paper,na:pmt-byte-duplicate
pearson-edexcel,international-gcse,chemistry,4ch1,2023-06,4CH1/2CR,none,qp,,,Pearson Edexcel chemistry (4ch1) 4CH1/2CR 2023 question paper,na:pmt-byte-duplicate
pearson-edexcel,international-gcse,chemistry,4ch1,2024-06,4CH1/1CR,none,qp,,,Pearson Edexcel chemistry (4ch1) 4CH1/1CR 2024 question paper,na:pmt-byte-duplicate
pearson-edexcel,international-gcse,chemistry,4ch1,2024-06,4CH1/2CR,none,qp,,,Pearson Edexcel chemistry (4ch1) 4CH1/2CR 2024 question paper,na:pmt-byte-duplicate
pearson-edexcel,international-gcse,computer-science,4cp0,2019-06,4CP0/01,none,qp,,,Pearson Edexcel computer science (4cp0) 4CP0/01 2019 question paper,planned
pearson-edexcel,international-gcse,computer-science,4cp0,2019-06,4CP0/01C,none,ms,,,Pearson Edexcel computer science (4cp0) 4CP0/01C 2019 mark scheme,planned
pearson-edexcel,international-gcse,computer-science,4cp0,2020-06,4CP0/01A,none,ms,,,Pearson Edexcel computer science (4cp0) 4CP0/01A 2020 mark scheme,planned
pearson-edexcel,international-gcse,computer-science,4cp0,2020-06,4CP0/02,none,ms,,,Pearson Edexcel computer science (4cp0) 4CP0/02 2020 mark scheme,planned
pearson-edexcel,international-gcse,computer-science,4cp0,2020-11,4CP0/01,none,qp,,,Pearson Edexcel computer science (4cp0) 4CP0/01 2020 question paper,planned
pearson-edexcel,international-gcse,computer-science,4cp0,2020-11,4CP0/2A,none,qp,,,Pearson Edexcel computer science (4cp0) 4CP0/2A 2020 question paper,planned
pearson-edexcel,international-gcse,computer-science,4cp0,2020-11,4CP0/2B,none,qp,,,Pearson Edexcel computer science (4cp0) 4CP0/2B 2020 question paper,planned
pearson-edexcel,international-gcse,computer-science,4cp0,2020-11,4CP0/2C,none,qp,,,Pearson Edexcel computer science (4cp0) 4CP0/2C 2020 question paper,planned
pearson-edexcel,international-gcse,computer-science,4cp0,2021-06,4CP0/02C,none,ms,,,Pearson Edexcel computer science (4cp0) 4CP0/02C 2021 mark scheme,planned
pearson-edexcel,international-gcse,computer-science,4cp0,2021-06,4CP0/2A,none,qp,,,Pearson Edexcel computer science (4cp0) 4CP0/2A 2021 question paper,planned
pearson-edexcel,international-gcse,computer-science,4cp0,2021-06,4CP0/2B,none,qp,,,Pearson Edexcel computer science (4cp0) 4CP0/2B 2021 question paper,planned
pearson-edexcel,international-gcse,computer-science,4cp0,2021-06,4CP0/2C,none,qp,,,Pearson Edexcel computer science (4cp0) 4CP0/2C 2021 question paper,planned
pearson-edexcel,international-gcse,computer-science,4cp0,2021-11,4CP0/01,none,ms,,,Pearson Edexcel computer science (4cp0) 4CP0/01 2021 mark scheme,planned
pearson-edexcel,international-gcse,computer-science,4cp0,2021-11,4CP0/02,none,ms,,,Pearson Edexcel computer science (4cp0) 4CP0/02 2021 mark scheme,planned
pearson-edexcel,international-gcse,computer-science,4cp0,2022-06,4CP0/01,none,qp,,,Pearson Edexcel computer science (4cp0) 4CP0/01 2022 question paper,planned
pearson-edexcel,international-gcse,computer-science,4cp0,2022-06,4CP0/01C,none,ms,,,Pearson Edexcel computer science (4cp0) 4CP0/01C 2022 mark scheme,planned
pearson-edexcel,international-gcse,computer-science,4cp0,2022-06,4CP0/02C,none,ms,,,Pearson Edexcel computer science (4cp0) 4CP0/02C 2022 mark scheme,planned
pearson-edexcel,international-gcse,computer-science,4cp0,2022-06,4CP0/2A,none,qp,,,Pearson Edexcel computer science (4cp0) 4CP0/2A 2022 question paper,planned
pearson-edexcel,international-gcse,computer-science,4cp0,2022-06,4CP0/2B,none,qp,,,Pearson Edexcel computer science (4cp0) 4CP0/2B 2022 question paper,planned
pearson-edexcel,international-gcse,computer-science,4cp0,2022-06,4CP0/2C,none,qp,,,Pearson Edexcel computer science (4cp0) 4CP0/2C 2022 question paper,planned
pearson-edexcel,international-gcse,computer-science,4cp0,2023-06,4CP0/02,none,ms,,,Pearson Edexcel computer science (4cp0) 4CP0/02 2023 mark scheme,planned
pearson-edexcel,international-gcse,computer-science,4cp0,2023-06,4CP0/2A,none,qp,,,Pearson Edexcel computer science (4cp0) 4CP0/2A 2023 question paper,planned
pearson-edexcel,international-gcse,computer-science,4cp0,2023-06,4CP0/2B,none,qp,,,Pearson Edexcel computer science (4cp0) 4CP0/2B 2023 question paper,planned
pearson-edexcel,international-gcse,computer-science,4cp0,2023-06,4CP0/2C,none,qp,,,Pearson Edexcel computer science (4cp0) 4CP0/2C 2023 question paper,planned
pearson-edexcel,international-gcse,english-language-b,4eb0,2014-06,4EB0/01R,none,ms,,,Pearson Edexcel english language b (4eb0) 4EB0/01R 2014 mark scheme,planned
pearson-edexcel,international-gcse,english-language-b,4eb0,2015-06,4EB0/01R,none,ms,,,Pearson Edexcel english language b (4eb0) 4EB0/01R 2015 mark scheme,planned
pearson-edexcel,international-gcse,english-language-b,4eb0,2016-06,4EB0/01R,none,ms,,,Pearson Edexcel english language b (4eb0) 4EB0/01R 2016 mark scheme,planned
pearson-edexcel,international-gcse,english-language-b,4eb0,2017-06,4EB0/01R,none,ms,,,Pearson Edexcel english language b (4eb0) 4EB0/01R 2017 mark scheme,planned
pearson-edexcel,international-gcse,english-language-b,4eb1,2018-06,4EB1/01R,none,ms,,,Pearson Edexcel english language b (4eb1) 4EB1/01R 2018 mark scheme,planned
pearson-edexcel,international-gcse,english-language-b,4eb1,2019-01,4EB1/01R,none,ms,,,Pearson Edexcel english language b (4eb1) 4EB1/01R 2019 mark scheme,planned
pearson-edexcel,international-gcse,english-language-b,4eb1,2019-06,4EB1/01R,none,ms,,,Pearson Edexcel english language b (4eb1) 4EB1/01R 2019 mark scheme,planned
pearson-edexcel,international-gcse,english-language-b,4eb1,2020-01,4EB1/01R,none,ms,,,Pearson Edexcel english language b (4eb1) 4EB1/01R 2020 mark scheme,planned
pearson-edexcel,international-gcse,english-language-b,4eb1,2020-06,4EB1/01,none,ms,,,Pearson Edexcel english language b (4eb1) 4EB1/01 2020 mark scheme,planned
pearson-edexcel,international-gcse,english-language-b,4eb1,2020-06,4EB1/01R,none,ms,,,Pearson Edexcel english language b (4eb1) 4EB1/01R 2020 mark scheme,planned
pearson-edexcel,international-gcse,english-language-b,4eb1,2020-11,4EB1/01,none,qp,,,Pearson Edexcel english language b (4eb1) 4EB1/01 2020 question paper,planned
pearson-edexcel,international-gcse,english-language-b,4eb1,2022-01,4EB1/01R,none,ms,,,Pearson Edexcel english language b (4eb1) 4EB1/01R 2022 mark scheme,planned
pearson-edexcel,international-gcse,english-language-b,4eb1,2022-06,4EB1/01R,none,ms,,,Pearson Edexcel english language b (4eb1) 4EB1/01R 2022 mark scheme,planned
pearson-edexcel,international-gcse,english-language-b,4eb1,2023-01,4EB1/01R,none,ms,,,Pearson Edexcel english language b (4eb1) 4EB1/01R 2023 mark scheme,planned
pearson-edexcel,international-gcse,english-language-b,4eb1,2023-01,4EB1/1R,none,qp,,,Pearson Edexcel english language b (4eb1) 4EB1/1R 2023 question paper,planned
pearson-edexcel,international-gcse,english-language-b,4eb1,2023-06,4EB1/01R,none,ms,,,Pearson Edexcel english language b (4eb1) 4EB1/01R 2023 mark scheme,planned
pearson-edexcel,international-gcse,english-language-b,4eb1,2024-06,4EB1/01R,none,ms,,,Pearson Edexcel english language b (4eb1) 4EB1/01R 2024 mark scheme,planned
pearson-edexcel,international-gcse,further-pure-mathematics,4pm0,2019-01,4PM0/01,none,qp,,,Pearson Edexcel further pure mathematics (4pm0) 4PM0/01 2019 question paper,na:pmt-byte-duplicate
pearson-edexcel,international-gcse,further-pure-mathematics,4pm0,2019-01,4PM0/02,none,qp,,,Pearson Edexcel further pure mathematics (4pm0) 4PM0/02 2019 question paper,na:pmt-byte-duplicate
pearson-edexcel,international-gcse,further-pure-mathematics,4pm1,2019-01,4PM1/01,none,ms,,,Pearson Edexcel further pure mathematics (4pm1) 4PM1/01 2019 mark scheme,na:pmt-byte-duplicate
pearson-edexcel,international-gcse,further-pure-mathematics,4pm1,2019-01,4PM1/02,none,ms,,,Pearson Edexcel further pure mathematics (4pm1) 4PM1/02 2019 mark scheme,na:pmt-byte-duplicate
pearson-edexcel,international-gcse,further-pure-mathematics,4pm1,2020-06,4PM1/01,none,ms,,,Pearson Edexcel further pure mathematics (4pm1) 4PM1/01 2020 mark scheme,na:pmt-mislabeled
pearson-edexcel,international-gcse,further-pure-mathematics,4pm1,2020-06,4PM1/01R,none,ms,,,Pearson Edexcel further pure mathematics (4pm1) 4PM1/01R 2020 mark scheme,na:pmt-mislabeled
pearson-edexcel,international-gcse,further-pure-mathematics,4pm1,2020-06,4PM1/02,none,ms,,,Pearson Edexcel further pure mathematics (4pm1) 4PM1/02 2020 mark scheme,na:pmt-mislabeled
pearson-edexcel,international-gcse,further-pure-mathematics,4pm1,2020-06,4PM1/02R,none,ms,,,Pearson Edexcel further pure mathematics (4pm1) 4PM1/02R 2020 mark scheme,na:pmt-mislabeled
pearson-edexcel,international-gcse,further-pure-mathematics,4pm1,2020-11,4PM1/01,none,qp,,,Pearson Edexcel further pure mathematics (4pm1) 4PM1/01 2020 question paper,na:pmt-not-listed
pearson-edexcel,international-gcse,further-pure-mathematics,4pm1,2020-11,4PM1/01R,none,qp,,,Pearson Edexcel further pure mathematics (4pm1) 4PM1/01R 2020 question paper,na:pmt-not-listed
pearson-edexcel,international-gcse,further-pure-mathematics,4pm1,2020-11,4PM1/02,none,qp,,,Pearson Edexcel further pure mathematics (4pm1) 4PM1/02 2020 question paper,na:pmt-not-listed
pearson-edexcel,international-gcse,further-pure-mathematics,4pm1,2020-11,4PM1/02R,none,qp,,,Pearson Edexcel further pure mathematics (4pm1) 4PM1/02R 2020 question paper,na:pmt-not-listed
pearson-edexcel,international-gcse,further-pure-mathematics,4pm1,2022-01,4PM1/02R,none,ms,,,Pearson Edexcel further pure mathematics (4pm1) 4PM1/02R 2022 mark scheme,na:pmt-byte-duplicate
pearson-edexcel,international-gcse,further-pure-mathematics,4pm1,2022-01,4PM1/2R,none,qp,,,Pearson Edexcel further pure mathematics (4pm1) 4PM1/2R 2022 question paper,na:pmt-byte-duplicate
pearson-edexcel,international-gcse,further-pure-mathematics,4pm1,2023-01,4PM1/01,none,ms,,,Pearson Edexcel further pure mathematics (4pm1) 4PM1/01 2023 mark scheme,na:pmt-corrupt
pearson-edexcel,international-gcse,further-pure-mathematics,4pm1,2023-10,4PM1/01,none,ms,,,Pearson Edexcel further pure mathematics (4pm1) 4PM1/01 2023 mark scheme,na:pmt-not-listed
pearson-edexcel,international-gcse,further-pure-mathematics,4pm1,2023-11,4PM1/01,none,qp,,,Pearson Edexcel further pure mathematics (4pm1) 4PM1/01 2023 question paper,na:pmt-unresolved
pearson-edexcel,international-gcse,mathematics-a,4ma0,2013-06,4MA0/2H,none,ms,,,Pearson Edexcel mathematics a (4ma0) 4MA0/2H 2013 mark scheme,na:pmt-byte-duplicate
pearson-edexcel,international-gcse,mathematics-a,4ma0,2013-06,4MA0/4H,none,qp,,,Pearson Edexcel mathematics a (4ma0) 4MA0/4H 2013 question paper,na:pmt-mislabeled
pearson-edexcel,international-gcse,mathematics-a,4ma0,2015-01,4MA0/2FR,none,qp,,https://pmt.physicsandmathstutor.com/download/Maths/GCSE/Past-Papers/Edexcel-IGCSE-A/Paper-2F/QP/January 2015 (R) QP.pdf,Pearson Edexcel mathematics a (4ma0) 4MA0/2FR 2015 question paper,normalized
pearson-edexcel,international-gcse,mathematics-a,4ma0,2015-06,4MA0/1FR,none,qp,,,Pearson Edexcel mathematics a (4ma0) 4MA0/1FR 2015 question paper,na:pmt-byte-duplicate
pearson-edexcel,international-gcse,mathematics-a,4ma0,2015-06,4MA0/1H,none,ms,,,Pearson Edexcel mathematics a (4ma0) 4MA0/1H 2015 mark scheme,na:pmt-byte-duplicate
pearson-edexcel,international-gcse,mathematics-a,4ma0,2015-06,4MA0/2FR,none,qp,,https://pmt.physicsandmathstutor.com/download/Maths/GCSE/Past-Papers/Edexcel-IGCSE-A/Paper-2F/QP/June 2015 (R) QP.pdf,Pearson Edexcel mathematics a (4ma0) 4MA0/2FR 2015 question paper,normalized
pearson-edexcel,international-gcse,mathematics-a,4ma0,2015-06,4MA0/3H,none,qp,,,Pearson Edexcel mathematics a (4ma0) 4MA0/3H 2015 question paper,na:pmt-mislabeled
pearson-edexcel,international-gcse,mathematics-a,4ma1,2019-01,4MA1/1FR,none,qp,,,Pearson Edexcel mathematics a (4ma1) 4MA1/1FR 2019 question paper,na:pmt-byte-duplicate
pearson-edexcel,international-gcse,mathematics-a,4ma1,2019-01,4MA1/1HR,none,qp,,,Pearson Edexcel mathematics a (4ma1) 4MA1/1HR 2019 question paper,na:pmt-byte-duplicate
pearson-edexcel,international-gcse,mathematics-a,4ma1,2019-01,4MA1/2FR,none,qp,,,Pearson Edexcel mathematics a (4ma1) 4MA1/2FR 2019 question paper,na:pmt-byte-duplicate
pearson-edexcel,international-gcse,mathematics-a,4ma1,2019-01,4MA1/2HR,none,qp,,,Pearson Edexcel mathematics a (4ma1) 4MA1/2HR 2019 question paper,na:pmt-byte-duplicate
pearson-edexcel,international-gcse,mathematics-a,4ma1,2019-06,4MA1/2FR,none,qp,,,Pearson Edexcel mathematics a (4ma1) 4MA1/2FR 2019 question paper,na:pmt-byte-duplicate
pearson-edexcel,international-gcse,mathematics-a,4ma1,2020-06,4MA1/1F,none,ms,,,Pearson Edexcel mathematics a (4ma1) 4MA1/1F 2020 mark scheme,na:pmt-mislabeled
pearson-edexcel,international-gcse,mathematics-a,4ma1,2020-06,4MA1/1FR,none,ms,,,Pearson Edexcel mathematics a (4ma1) 4MA1/1FR 2020 mark scheme,na:pmt-mislabeled
pearson-edexcel,international-gcse,mathematics-a,4ma1,2020-06,4MA1/1H,none,ms,,,Pearson Edexcel mathematics a (4ma1) 4MA1/1H 2020 mark scheme,na:pmt-mislabeled
pearson-edexcel,international-gcse,mathematics-a,4ma1,2020-06,4MA1/1HR,none,ms,,,Pearson Edexcel mathematics a (4ma1) 4MA1/1HR 2020 mark scheme,na:pmt-mislabeled
pearson-edexcel,international-gcse,mathematics-a,4ma1,2020-06,4MA1/2F,none,ms,,,Pearson Edexcel mathematics a (4ma1) 4MA1/2F 2020 mark scheme,na:pmt-mislabeled
pearson-edexcel,international-gcse,mathematics-a,4ma1,2020-06,4MA1/2FR,none,ms,,,Pearson Edexcel mathematics a (4ma1) 4MA1/2FR 2020 mark scheme,na:pmt-mislabeled
pearson-edexcel,international-gcse,mathematics-a,4ma1,2020-06,4MA1/2H,none,ms,,,Pearson Edexcel mathematics a (4ma1) 4MA1/2H 2020 mark scheme,na:pmt-mislabeled
pearson-edexcel,international-gcse,mathematics-a,4ma1,2020-06,4MA1/2HR,none,ms,,,Pearson Edexcel mathematics a (4ma1) 4MA1/2HR 2020 mark scheme,na:pmt-mislabeled
pearson-edexcel,international-gcse,mathematics-a,4ma1,2020-11,4MA1/1F,none,qp,,,Pearson Edexcel mathematics a (4ma1) 4MA1/1F 2020 question paper,na:pmt-not-listed
pearson-edexcel,international-gcse,mathematics-a,4ma1,2020-11,4MA1/1FR,none,qp,,,Pearson Edexcel mathematics a (4ma1) 4MA1/1FR 2020 question paper,na:pmt-not-listed
pearson-edexcel,international-gcse,mathematics-a,4ma1,2020-11,4MA1/1H,none,qp,,,Pearson Edexcel mathematics a (4ma1) 4MA1/1H 2020 question paper,na:pmt-not-listed
pearson-edexcel,international-gcse,mathematics-a,4ma1,2020-11,4MA1/1HR,none,qp,,,Pearson Edexcel mathematics a (4ma1) 4MA1/1HR 2020 question paper,na:pmt-not-listed
pearson-edexcel,international-gcse,mathematics-a,4ma1,2020-11,4MA1/2F,none,qp,,,Pearson Edexcel mathematics a (4ma1) 4MA1/2F 2020 question paper,na:pmt-not-listed
pearson-edexcel,international-gcse,mathematics-a,4ma1,2020-11,4MA1/2FR,none,qp,,,Pearson Edexcel mathematics a (4ma1) 4MA1/2FR 2020 question paper,na:pmt-not-listed
pearson-edexcel,international-gcse,mathematics-a,4ma1,2020-11,4MA1/2H,none,qp,,,Pearson Edexcel mathematics a (4ma1) 4MA1/2H 2020 question paper,na:pmt-not-listed
pearson-edexcel,international-gcse,mathematics-a,4ma1,2020-11,4MA1/2HR,none,qp,,,Pearson Edexcel mathematics a (4ma1) 4MA1/2HR 2020 question paper,na:pmt-not-listed
pearson-edexcel,international-gcse,mathematics-a,4ma1,2023-06,4MA1/1H,none,ms,,,Pearson Edexcel mathematics a (4ma1) 4MA1/1H 2023 mark scheme,na:pmt-mislabeled
pearson-edexcel,international-gcse,mathematics-a,4ma1,2023-10,4MA1/1H,none,qp,,,Pearson Edexcel mathematics a (4ma1) 4MA1/1H 2023 question paper,na:pmt-not-listed
pearson-edexcel,international-gcse,mathematics-b,4mb0,2015-01,4MB0/01R,none,qp,,https://pmt.physicsandmathstutor.com/download/Maths/GCSE/Past-Papers/Edexcel-IGCSE-B/Paper-1/QP/January 2015 (R) QP.pdf,Pearson Edexcel mathematics b (4mb0) 4MB0/01R 2015 question paper,normalized
pearson-edexcel,international-gcse,mathematics-b,4mb0,2015-01,4MB0/02R,none,qp,,,Pearson Edexcel mathematics b (4mb0) 4MB0/02R 2015 question paper,na:pmt-byte-duplicate
pearson-edexcel,international-gcse,mathematics-b,4mb0,2015-06,4MB0/02R,none,qp,,https://pmt.physicsandmathstutor.com/download/Maths/GCSE/Past-Papers/Edexcel-IGCSE-B/Paper-2/QP/June 2015 (R) QP.pdf,Pearson Edexcel mathematics b (4mb0) 4MB0/02R 2015 question paper,normalized
pearson-edexcel,international-gcse,mathematics-b,4mb0,2016-01,4MB0/01R,none,ms,,,Pearson Edexcel mathematics b (4mb0) 4MB0/01R 2016 mark scheme,na:pmt-byte-duplicate
pearson-edexcel,international-gcse,mathematics-b,4mb0,2016-01,4MB0/1R,none,qp,,,Pearson Edexcel mathematics b (4mb0) 4MB0/1R 2016 question paper,na:pmt-byte-duplicate
pearson-edexcel,international-gcse,mathematics-b,4mb0,2016-01,4MB0/2R,none,qp,,https://pmt.physicsandmathstutor.com/download/Maths/GCSE/Past-Papers/Edexcel-IGCSE-B/Paper-2/QP/January 2016 (R) QP.pdf,Pearson Edexcel mathematics b (4mb0) 4MB0/2R 2016 question paper,normalized
pearson-edexcel,international-gcse,mathematics-b,4mb1,2019-01,4MB1/01R,none,qp,,,Pearson Edexcel mathematics b (4mb1) 4MB1/01R 2019 question paper,na:pmt-byte-duplicate
pearson-edexcel,international-gcse,mathematics-b,4mb1,2019-01,4MB1/02R,none,qp,,,Pearson Edexcel mathematics b (4mb1) 4MB1/02R 2019 question paper,na:pmt-byte-duplicate
pearson-edexcel,international-gcse,mathematics-b,4mb1,2019-06,4MB1/02R,none,qp,,https://pmt.physicsandmathstutor.com/download/Maths/GCSE/Past-Papers/Edexcel-IGCSE-B/Paper-2/QP/June 2019 (R) QP.pdf,Pearson Edexcel mathematics b (4mb1) 4MB1/02R 2019 question paper,normalized
pearson-edexcel,international-gcse,mathematics-b,4mb1,2020-06,4MB1/01,none,ms,,,Pearson Edexcel mathematics b (4mb1) 4MB1/01 2020 mark scheme,na:pmt-mislabeled
pearson-edexcel,international-gcse,mathematics-b,4mb1,2020-06,4MB1/01R,none,ms,,,Pearson Edexcel mathematics b (4mb1) 4MB1/01R 2020 mark scheme,na:pmt-mislabeled
pearson-edexcel,international-gcse,mathematics-b,4mb1,2020-06,4MB1/02,none,ms,,,Pearson Edexcel mathematics b (4mb1) 4MB1/02 2020 mark scheme,na:pmt-mislabeled
pearson-edexcel,international-gcse,mathematics-b,4mb1,2020-06,4MB1/02R,none,ms,,,Pearson Edexcel mathematics b (4mb1) 4MB1/02R 2020 mark scheme,na:pmt-mislabeled
pearson-edexcel,international-gcse,mathematics-b,4mb1,2020-11,4MB1/01,none,qp,,,Pearson Edexcel mathematics b (4mb1) 4MB1/01 2020 question paper,na:pmt-not-listed
pearson-edexcel,international-gcse,mathematics-b,4mb1,2020-11,4MB1/01R,none,qp,,,Pearson Edexcel mathematics b (4mb1) 4MB1/01R 2020 question paper,na:pmt-not-listed
pearson-edexcel,international-gcse,mathematics-b,4mb1,2020-11,4MB1/02,none,qp,,,Pearson Edexcel mathematics b (4mb1) 4MB1/02 2020 question paper,na:pmt-not-listed
pearson-edexcel,international-gcse,mathematics-b,4mb1,2020-11,4MB1/02R,none,qp,,,Pearson Edexcel mathematics b (4mb1) 4MB1/02R 2020 question paper,na:pmt-not-listed
pearson-edexcel,international-gcse,physics,4ph0,2018-01,4PH0/1P,none,qp,,,Pearson Edexcel physics (4ph0) 4PH0/1P 2018 question paper,na:pmt-unresolved
pearson-edexcel,international-gcse,physics,4ph1,2019-06,4PH1/1PR,none,qp,,,Pearson Edexcel physics (4ph1) 4PH1/1PR 2019 question paper,na:pmt-byte-duplicate
pearson-edexcel,international-gcse,physics,4ph1,2019-06,4PH1/2PR,none,qp,,,Pearson Edexcel physics (4ph1) 4PH1/2PR 2019 question paper,na:pmt-byte-duplicate
pearson-edexcel,international-gcse,physics,4ph1,2020-01,4PH1/1PR,none,qp,,,Pearson Edexcel physics (4ph1) 4PH1/1PR 2020 question paper,na:pmt-byte-duplicate
pearson-edexcel,international-gcse,physics,4ph1,2020-01,4PH1/2PR,none,qp,,,Pearson Edexcel physics (4ph1) 4PH1/2PR 2020 question paper,na:pmt-byte-duplicate
pearson-edexcel,international-gcse,physics,4ph1,2020-06,4PH1/1P,none,ms,,,Pearson Edexcel physics (4ph1) 4PH1/1P 2020 mark scheme,na:pmt-mislabeled
pearson-edexcel,international-gcse,physics,4ph1,2020-06,4PH1/2P,none,ms,,,Pearson Edexcel physics (4ph1) 4PH1/2P 2020 mark scheme,na:pmt-mislabeled
pearson-edexcel,international-gcse,physics,4ph1,2020-11,4PH1/1P,none,qp,,,Pearson Edexcel physics (4ph1) 4PH1/1P 2020 question paper,na:pmt-not-listed
pearson-edexcel,international-gcse,physics,4ph1,2020-11,4PH1/1PR,none,qp,,,Pearson Edexcel physics (4ph1) 4PH1/1PR 2020 question paper,na:pmt-not-listed
pearson-edexcel,international-gcse,physics,4ph1,2020-11,4PH1/2P,none,qp,,,Pearson Edexcel physics (4ph1) 4PH1/2P 2020 question paper,na:pmt-not-listed
pearson-edexcel,international-gcse,physics,4ph1,2020-11,4PH1/2PR,none,qp,,,Pearson Edexcel physics (4ph1) 4PH1/2PR 2020 question paper,na:pmt-not-listed
pearson-edexcel,international-gcse,physics,4ph1,2021-01,4PH1/1PR,none,qp,,,Pearson Edexcel physics (4ph1) 4PH1/1PR 2021 question paper,na:pmt-byte-duplicate
pearson-edexcel,international-gcse,physics,4ph1,2021-01,4PH1/2PR,none,qp,,,Pearson Edexcel physics (4ph1) 4PH1/2PR 2021 question paper,na:pmt-byte-duplicate
pearson-edexcel,international-gcse,physics,4ph1,2022-01,4PH1/1PR,none,qp,,,Pearson Edexcel physics (4ph1) 4PH1/1PR 2022 question paper,na:pmt-byte-duplicate
pearson-edexcel,international-gcse,physics,4ph1,2022-01,4PH1/2PR,none,qp,,,Pearson Edexcel physics (4ph1) 4PH1/2PR 2022 question paper,na:pmt-byte-duplicate
pearson-edexcel,international-gcse,physics,4ph1,2022-06,4PH1/1PR,none,qp,,,Pearson Edexcel physics (4ph1) 4PH1/1PR 2022 question paper,na:pmt-byte-duplicate
pearson-edexcel,international-gcse,physics,4ph1,2022-06,4PH1/2PR,none,qp,,,Pearson Edexcel physics (4ph1) 4PH1/2PR 2022 question paper,na:pmt-byte-duplicate
pearson-edexcel,international-gcse,physics,4ph1,2023-01,4PH1/1PR,none,qp,,,Pearson Edexcel physics (4ph1) 4PH1/1PR 2023 question paper,na:pmt-byte-duplicate
pearson-edexcel,international-gcse,physics,4ph1,2023-01,4PH1/2PR,none,qp,,,Pearson Edexcel physics (4ph1) 4PH1/2PR 2023 question paper,na:pmt-byte-duplicate
pearson-edexcel,international-gcse,physics,4ph1,2023-06,4PH1/1PR,none,qp,,,Pearson Edexcel physics (4ph1) 4PH1/1PR 2023 question paper,na:pmt-byte-duplicate
pearson-edexcel,international-gcse,physics,4ph1,2023-06,4PH1/2PR,none,qp,,,Pearson Edexcel physics (4ph1) 4PH1/2PR 2023 question paper,na:pmt-byte-duplicate
pearson-edexcel,international-gcse,physics,4ph1,2024-06,4PH1/1PR,none,qp,,,Pearson Edexcel physics (4ph1) 4PH1/1PR 2024 question paper,na:pmt-byte-duplicate
pearson-edexcel,international-gcse,physics,4ph1,2024-06,4PH1/2PR,none,qp,,,Pearson Edexcel physics (4ph1) 4PH1/2PR 2024 question paper,na:pmt-byte-duplicate
